user_id,variant,impression,conversion
user_1481,C,1,1
user_0756,A,1,0
user_0890,A,1,1
user_0034,A,1,0
user_1105,A,1,0
user_1662,C,1,1
user_0986,A,1,0
user_0030,A,1,0
user_1670,C,1,0
user_2055,C,1,0
user_0344,A,1,1
user_0894,A,1,0
user_0279,A,1,1
user_1258,A,1,0
user_0463,A,1,1
user_1216,A,1,0
user_0168,A,1,0
user_0475,A,1,1
user_2243,C,1,1
user_1417,C,1,1
user_1394,C,1,1
user_0367,A,1,1
user_0759,A,1,1
user_0158,A,1,1
user_1634,C,1,0
user_1331,C,1,0
user_0361,A,1,0
user_0979,A,1,1
user_0691,A,1,0
user_1947,C,1,0
user_1971,C,1,1
user_1160,A,1,1
user_0506,A,1,0
user_1214,A,1,1
user_0825,A,1,0
user_0046,A,1,1
user_1449,C,1,1
user_1836,C,1,0
user_0076,A,1,1
user_0486,A,1,0
user_0836,A,1,1
user_0444,A,1,0
user_1221,A,1,0
user_0223,A,1,1
user_1831,C,1,1
user_0652,A,1,1
user_1220,A,1,1
user_1804,C,1,1
user_1529,C,1,1
user_2202,C,1,1
user_0087,A,1,0
user_2582,C,1,0
user_1579,C,1,1
user_0830,A,1,0
user_0251,A,1,1
user_2315,C,1,1
user_0497,A,1,1
user_0556,A,1,0
user_1294,A,1,0
user_1162,A,1,1
user_0125,A,1,1
user_2065,C,1,1
user_2244,C,1,1
user_0687,A,1,1
user_0886,A,1,0
user_0982,A,1,0
user_2450,C,1,0
user_0193,A,1,1
user_1355,C,1,0
user_0036,A,1,1
user_0944,A,1,0
user_1313,C,1,0
user_1186,A,1,1
user_1018,A,1,1
user_2330,C,1,1
user_2447,C,1,1
user_0576,A,1,0
user_2128,C,1,0
user_0802,A,1,1
user_2305,C,1,0
user_0804,A,1,0
user_1533,C,1,1
user_2353,C,1,1
user_1233,A,1,0
user_2308,C,1,1
user_0505,A,1,1
user_1763,C,1,1
user_1635,C,1,0
user_1463,C,1,0
user_2289,C,1,1
user_1667,C,1,1
user_0328,A,1,0
user_1899,C,1,1
user_0508,A,1,1
user_2556,C,1,0
user_0761,A,1,0
user_2535,C,1,1
user_2241,C,1,0
user_0155,A,1,1
user_0249,A,1,0
user_0952,A,1,0
user_1228,A,1,0
user_1399,C,1,1
user_1349,C,1,1
user_0297,A,1,1
user_1642,C,1,1
user_2475,C,1,1
user_0513,A,1,0
user_1812,C,1,0
user_0912,A,1,0
user_0092,A,1,0
user_1118,A,1,0
user_0633,A,1,1
user_1742,C,1,0
user_2257,C,1,1
user_1175,A,1,1
user_1149,A,1,1
user_1083,A,1,1
user_2576,C,1,1
user_0115,A,1,0
user_1583,C,1,1
user_2153,C,1,1
user_0061,A,1,0
user_0461,A,1,1
user_1443,C,1,1
user_0959,A,1,1
user_0190,A,1,1
user_0610,A,1,1
user_0967,A,1,1
user_0904,A,1,0
user_2026,C,1,0
user_0085,A,1,1
user_1446,C,1,0
user_1750,C,1,1
user_2337,C,1,1
user_0945,A,1,1
user_1132,A,1,1
user_1332,C,1,1
user_1785,C,1,1
user_1010,A,1,1
user_2370,C,1,0
user_0478,A,1,0
user_2223,C,1,1
user_1375,C,1,1
user_1870,C,1,1
user_1197,A,1,0
user_0113,A,1,1
user_1502,C,1,0
user_2230,C,1,1
user_0406,A,1,1
user_1182,A,1,0
user_2565,C,1,1
user_2359,C,1,0
user_0740,A,1,1
user_2010,C,1,1
user_0601,A,1,1
user_1173,A,1,1
user_0940,A,1,1
user_0690,A,1,0
user_0214,A,1,1
user_0160,A,1,1
user_1430,C,1,1
user_2578,C,1,1
user_0273,A,1,0
user_1570,C,1,1
user_0698,A,1,0
user_0775,A,1,1
user_0401,A,1,1
user_2027,C,1,1
user_2162,C,1,1
user_2501,C,1,0
user_2345,C,1,1
user_1433,C,1,0
user_0376,A,1,1
user_1918,C,1,1
user_1669,C,1,1
user_1732,C,1,1
user_0544,A,1,1
user_0312,A,1,1
user_2155,C,1,1
user_2389,C,1,1
user_0420,A,1,1
user_0748,A,1,1
user_0310,A,1,0
user_1212,A,1,1
user_0021,A,1,0
user_1391,C,1,1
user_1839,C,1,1
user_1676,C,1,1
user_1939,C,1,0
user_0743,A,1,1
user_1275,A,1,1
user_0636,A,1,1
user_0857,A,1,0
user_1046,A,1,1
user_2405,C,1,1
user_0946,A,1,1
user_0400,A,1,1
user_2040,C,1,1
user_0548,A,1,1
user_0656,A,1,1
user_0977,A,1,1
user_0694,A,1,0
user_1412,C,1,1
user_1575,C,1,1
user_0930,A,1,1
user_2249,C,1,1
user_0634,A,1,1
user_1093,A,1,0
user_2170,C,1,0
user_2125,C,1,1
user_0123,A,1,0
user_2140,C,1,1
user_0126,A,1,1
user_1116,A,1,0
user_1102,A,1,1
user_1908,C,1,1
user_2002,C,1,1
user_1338,C,1,1
user_0631,A,1,0
user_1686,C,1,1
user_2031,C,1,1
user_1922,C,1,1
user_1265,A,1,1
user_1143,A,1,1
user_2193,C,1,0
user_2215,C,1,1
user_1535,C,1,0
user_0704,A,1,1
user_1684,C,1,0
user_2356,C,1,0
user_0726,A,1,0
user_0800,A,1,0
user_2452,C,1,1
user_2480,C,1,1
user_0591,A,1,0
user_1352,C,1,1
user_2197,C,1,1
user_0809,A,1,1
user_1243,A,1,1
user_1111,A,1,1
user_1848,C,1,1
user_1994,C,1,0
user_2352,C,1,1
user_0867,A,1,1
user_1098,A,1,1
user_0718,A,1,1
user_2412,C,1,1
user_1336,C,1,1
user_1663,C,1,1
user_1049,A,1,0
user_1797,C,1,1
user_0341,A,1,0
user_0896,A,1,1
user_0152,A,1,0
user_1434,C,1,1
user_1737,C,1,0
user_1993,C,1,1
user_1138,A,1,1
user_2579,C,1,1
user_1997,C,1,1
user_0331,A,1,0
user_0675,A,1,0
user_1809,C,1,1
user_0015,A,1,0
user_0749,A,1,1
user_0396,A,1,1
user_2600,C,1,1
user_0958,A,1,1
user_2089,C,1,1
user_2122,C,1,1
user_2107,C,1,1
user_1280,A,1,0
user_0560,A,1,1
user_2092,C,1,0
user_1445,C,1,1
user_0554,A,1,0
user_1027,A,1,1
user_0043,A,1,1
user_2268,C,1,0
user_0289,A,1,1
user_0014,A,1,1
user_0803,A,1,1
user_2354,C,1,1
user_0381,A,1,0
user_2431,C,1,1
user_1081,A,1,1
user_1741,C,1,1
user_1171,A,1,1
user_1652,C,1,1
user_0921,A,1,0
user_0538,A,1,0
user_1255,A,1,0
user_1934,C,1,1
user_2594,C,1,1
user_1156,A,1,1
user_0449,A,1,0
user_0961,A,1,0
user_1671,C,1,1
user_0546,A,1,0
user_0902,A,1,1
user_0301,A,1,0
user_1085,A,1,1
user_0681,A,1,0
user_0390,A,1,0
user_0996,A,1,1
user_2137,C,1,0
user_2060,C,1,0
user_0163,A,1,1
user_2173,C,1,1
user_0783,A,1,0
user_2357,C,1,1
user_2135,C,1,1
user_1136,A,1,1
user_0582,A,1,0
user_1851,C,1,1
user_1351,C,1,1
user_0413,A,1,0
user_0503,A,1,1
user_0963,A,1,0
user_0673,A,1,0
user_0384,A,1,1
user_0875,A,1,0
user_1576,C,1,0
user_0479,A,1,0
user_0404,A,1,0
user_2287,C,1,1
user_1786,C,1,1
user_0683,A,1,1
user_0623,A,1,1
user_0799,A,1,1
user_1244,A,1,1
user_1674,C,1,0
user_0438,A,1,0
user_0512,A,1,1
user_2525,C,1,1
user_0333,A,1,0
user_2225,C,1,1
user_0453,A,1,1
user_1837,C,1,1
user_0311,A,1,0
user_0555,A,1,0
user_1861,C,1,0
user_1916,C,1,1
user_0874,A,1,1
user_0177,A,1,1
user_1998,C,1,1
user_0286,A,1,0
user_1743,C,1,1
user_0695,A,1,0
user_0757,A,1,1
user_2394,C,1,1
user_0729,A,1,1
user_1192,A,1,1
user_2567,C,1,1
user_1037,A,1,1
user_1345,C,1,0
user_1008,A,1,1
user_1183,A,1,1
user_0031,A,1,0
user_0933,A,1,1
user_1191,A,1,0
user_1106,A,1,0
user_1694,C,1,1
user_0025,A,1,0
user_1384,C,1,0
user_1193,A,1,1
user_0129,A,1,0
user_1844,C,1,1
user_0540,A,1,1
user_1089,A,1,1
user_1673,C,1,0
user_1959,C,1,1
user_1577,C,1,0
user_0323,A,1,0
user_1751,C,1,1
user_0917,A,1,0
user_1950,C,1,0
user_1104,A,1,0
user_2237,C,1,1
user_2314,C,1,0
user_2070,C,1,0
user_0850,A,1,0
user_2043,C,1,1
user_2152,C,1,1
user_2288,C,1,1
user_0919,A,1,0
user_0285,A,1,1
user_0501,A,1,0
user_0139,A,1,0
user_1722,C,1,1
user_1819,C,1,0
user_1936,C,1,0
user_0686,A,1,1
user_1602,C,1,1
user_1876,C,1,1
user_0589,A,1,1
user_1766,C,1,1
user_2191,C,1,0
user_1799,C,1,1
user_1985,C,1,1
user_1701,C,1,1
user_0471,A,1,1
user_1251,A,1,1
user_1805,C,1,0
user_2546,C,1,1
user_2174,C,1,0
user_1912,C,1,1
user_0504,A,1,1
user_1404,C,1,0
user_0188,A,1,1
user_0176,A,1,1
user_0784,A,1,1
user_1510,C,1,1
user_0907,A,1,0
user_1029,A,1,1
user_1090,A,1,1
user_2368,C,1,1
user_0807,A,1,1
user_2178,C,1,0
user_1536,C,1,1
user_2595,C,1,1
user_0167,A,1,1
user_1215,A,1,0
user_0888,A,1,1
user_1456,C,1,0
user_0108,A,1,1
user_1637,C,1,1
user_0806,A,1,1
user_1013,A,1,1
user_0628,A,1,1
user_0469,A,1,0
user_0585,A,1,0
user_1628,C,1,1
user_1464,C,1,1
user_2124,C,1,1
user_0929,A,1,0
user_1099,A,1,1
user_1973,C,1,0
user_2063,C,1,1
user_0441,A,1,0
user_0925,A,1,0
user_1051,A,1,0
user_0816,A,1,1
user_1850,C,1,1
user_2553,C,1,1
user_1432,C,1,1
user_1734,C,1,1
user_1935,C,1,1
user_0731,A,1,1
user_0028,A,1,1
user_1738,C,1,1
user_1361,C,1,1
user_2500,C,1,0
user_0114,A,1,1
user_2106,C,1,0
user_0876,A,1,0
user_2588,C,1,1
user_1721,C,1,1
user_1877,C,1,0
user_0252,A,1,0
user_0141,A,1,1
user_0445,A,1,0
user_2182,C,1,1
user_1549,C,1,0
user_0452,A,1,0
user_1969,C,1,1
user_0480,A,1,0
user_0753,A,1,1
user_1983,C,1,1
user_1872,C,1,0
user_0247,A,1,1
user_0435,A,1,1
user_0022,A,1,0
user_1891,C,1,1
user_2416,C,1,1
user_1363,C,1,0
user_0004,A,1,1
user_1600,C,1,1
user_0960,A,1,0
user_0947,A,1,0
user_1084,A,1,1
user_1859,C,1,0
user_0537,A,1,1
user_0062,A,1,0
user_0055,A,1,0
user_0671,A,1,1
user_2531,C,1,1
user_2189,C,1,1
user_0317,A,1,1
user_1640,C,1,1
user_2000,C,1,1
user_0428,A,1,1
user_1362,C,1,0
user_1370,C,1,0
user_1069,A,1,1
user_2242,C,1,0
user_2248,C,1,1
user_0124,A,1,1
user_1992,C,1,1
user_1730,C,1,1
user_0710,A,1,1
user_0378,A,1,1
user_2382,C,1,1
user_2415,C,1,1
user_2194,C,1,1
user_0477,A,1,1
user_2293,C,1,0
user_1223,A,1,0
user_0485,A,1,0
user_0725,A,1,0
user_1519,C,1,1
user_2102,C,1,1
user_1511,C,1,1
user_2410,C,1,0
user_0707,A,1,0
user_1483,C,1,1
user_1350,C,1,1
user_2210,C,1,1
user_2385,C,1,1
user_2167,C,1,1
user_1961,C,1,1
user_0255,A,1,0
user_0724,A,1,1
user_1619,C,1,1
user_0574,A,1,0
user_0423,A,1,1
user_1367,C,1,0
user_1330,C,1,0
user_2512,C,1,1
user_2388,C,1,1
user_0070,A,1,1
user_2110,C,1,0
user_2284,C,1,1
user_2478,C,1,1
user_1613,C,1,1
user_0472,A,1,1
user_0470,A,1,1
user_2390,C,1,1
user_1974,C,1,1
user_0992,A,1,1
user_0387,A,1,1
user_1129,A,1,1
user_0998,A,1,1
user_2338,C,1,1
user_1201,A,1,0
user_0120,A,1,1
user_1713,C,1,1
user_2138,C,1,1
user_1442,C,1,0
user_2515,C,1,0
user_2247,C,1,1
user_0519,A,1,1
user_0417,A,1,1
user_2425,C,1,1
user_0832,A,1,1
user_2566,C,1,1
user_1500,C,1,0
user_2361,C,1,0
user_1555,C,1,1
user_1580,C,1,0
user_2220,C,1,1
user_2587,C,1,1
user_0357,A,1,0
user_2544,C,1,1
user_1633,C,1,0
user_0883,A,1,1
user_0723,A,1,0
user_1091,A,1,0
user_2069,C,1,1
user_2264,C,1,0
user_1869,C,1,1
user_0405,A,1,0
user_0844,A,1,0
user_1422,C,1,1
user_1240,A,1,1
user_0089,A,1,1
user_0793,A,1,0
user_2492,C,1,0
user_0877,A,1,1
user_1467,C,1,0
user_2130,C,1,0
user_0174,A,1,0
user_1423,C,1,0
user_2484,C,1,0
user_2550,C,1,1
user_1063,A,1,1
user_1989,C,1,1
user_0293,A,1,0
user_1740,C,1,1
user_1523,C,1,0
user_1622,C,1,0
user_0450,A,1,1
user_0507,A,1,1
user_2233,C,1,1
user_0059,A,1,1
user_1843,C,1,1
user_2320,C,1,0
user_2395,C,1,1
user_0394,A,1,1
user_0039,A,1,0
user_2371,C,1,1
user_0983,A,1,1
user_2481,C,1,1
user_1521,C,1,1
user_0066,A,1,0
user_0091,A,1,1
user_1557,C,1,1
user_0742,A,1,0
user_1057,A,1,1
user_1904,C,1,1
user_1764,C,1,1
user_1928,C,1,0
user_1778,C,1,1
user_0054,A,1,0
user_1800,C,1,1
user_1561,C,1,1
user_1661,C,1,0
user_1295,A,1,1
user_1296,A,1,1
user_1489,C,1,1
user_0871,A,1,1
user_1921,C,1,0
user_1227,A,1,0
user_1380,C,1,1
user_2286,C,1,1
user_1910,C,1,1
user_2142,C,1,1
user_0664,A,1,1
user_1082,A,1,1
user_0650,A,1,1
user_2160,C,1,0
user_0569,A,1,0
user_2324,C,1,1
user_2583,C,1,0
user_2032,C,1,1
user_2358,C,1,1
user_0571,A,1,0
user_2224,C,1,1
user_1327,C,1,1
user_0209,A,1,1
user_0882,A,1,1
user_1806,C,1,1
user_1593,C,1,1
user_2145,C,1,1
user_1733,C,1,0
user_1026,A,1,0
user_0549,A,1,0
user_1754,C,1,1
user_0260,A,1,0
user_0600,A,1,0
user_1980,C,1,1
user_0159,A,1,1
user_1679,C,1,1
user_1943,C,1,0
user_0669,A,1,1
user_1707,C,1,0
user_2061,C,1,1
user_1292,A,1,1
user_1286,A,1,0
user_0533,A,1,1
user_2334,C,1,1
user_1796,C,1,1
user_0592,A,1,1
user_2180,C,1,1
user_1703,C,1,1
user_0194,A,1,0
user_0264,A,1,1
user_0419,A,1,0
user_0901,A,1,0
user_1627,C,1,1
user_0747,A,1,0
user_2184,C,1,0
user_0239,A,1,1
user_0489,A,1,1
user_0261,A,1,0
user_2234,C,1,1
user_0436,A,1,1
user_1133,A,1,1
user_1190,A,1,1
user_0891,A,1,0
user_2098,C,1,0
user_2360,C,1,1
user_1325,C,1,0
user_1119,A,1,1
user_0440,A,1,0
user_0543,A,1,1
user_0771,A,1,0
user_0380,A,1,0
user_1028,A,1,0
user_1762,C,1,0
user_2597,C,1,1
user_0837,A,1,0
user_0002,A,1,1
user_0900,A,1,1
user_1953,C,1,1
user_2420,C,1,1
user_0732,A,1,0
user_0741,A,1,0
user_1283,A,1,0
user_1427,C,1,1
user_1073,A,1,0
user_0545,A,1,1
user_1571,C,1,0
user_1714,C,1,0
user_2103,C,1,1
user_0488,A,1,0
user_0182,A,1,0
user_1543,C,1,1
user_1937,C,1,0
user_1068,A,1,1
user_2585,C,1,0
user_1011,A,1,0
user_1794,C,1,0
user_2487,C,1,0
user_1474,C,1,0
user_0017,A,1,1
user_1279,A,1,0
user_0136,A,1,1
user_1977,C,1,0
user_2429,C,1,0
user_0787,A,1,0
user_0071,A,1,1
user_0777,A,1,0
user_2383,C,1,0
user_0465,A,1,1
user_0351,A,1,0
user_1250,A,1,0
user_0172,A,1,1
user_2355,C,1,1
user_1553,C,1,1
user_0863,A,1,0
user_0639,A,1,1
user_1334,C,1,1
user_0597,A,1,0
user_0147,A,1,1
user_1987,C,1,1
user_0774,A,1,1
user_0856,A,1,0
user_1055,A,1,0
user_2482,C,1,1
user_0483,A,1,1
user_1587,C,1,1
user_1731,C,1,1
user_1546,C,1,0
user_2035,C,1,0
user_2569,C,1,1
user_1364,C,1,1
user_2177,C,1,1
user_2258,C,1,1
user_1712,C,1,0
user_0653,A,1,0
user_0578,A,1,1
user_0614,A,1,1
user_2318,C,1,1
user_2273,C,1,1
user_1477,C,1,0
user_1833,C,1,0
user_0171,A,1,0
user_0058,A,1,0
user_1076,A,1,0
user_1787,C,1,0
user_0838,A,1,1
user_2430,C,1,0
user_2476,C,1,1
user_2008,C,1,0
user_2159,C,1,1
user_1469,C,1,0
user_0588,A,1,0
user_1768,C,1,0
user_2547,C,1,1
user_2059,C,1,1
user_1698,C,1,1
user_2200,C,1,1
user_0663,A,1,0
user_1651,C,1,1
user_0906,A,1,1
user_2445,C,1,0
user_1761,C,1,1
user_0491,A,1,1
user_1582,C,1,0
user_1595,C,1,1
user_2099,C,1,1
user_2561,C,1,1
user_0991,A,1,1
user_0425,A,1,1
user_1041,A,1,0
user_1155,A,1,0
user_0122,A,1,1
user_1269,A,1,1
user_2455,C,1,0
user_1710,C,1,0
user_1354,C,1,0
user_0192,A,1,1
user_1368,C,1,1
user_1984,C,1,0
user_1321,C,1,0
user_0659,A,1,1
user_2187,C,1,1
user_1729,C,1,1
user_0236,A,1,1
user_1299,A,1,1
user_1043,A,1,0
user_2050,C,1,0
user_0885,A,1,0
user_0007,A,1,0
user_1791,C,1,1
user_1365,C,1,0
user_2007,C,1,0
user_2434,C,1,1
user_0362,A,1,1
user_1180,A,1,1
user_2023,C,1,1
user_0893,A,1,1
user_0824,A,1,0
user_0258,A,1,1
user_2176,C,1,0
user_1955,C,1,1
user_1956,C,1,1
user_1124,A,1,0
user_0895,A,1,1
user_2327,C,1,1
user_1418,C,1,1
user_1574,C,1,1
user_2042,C,1,0
user_1840,C,1,0
user_2367,C,1,1
user_0909,A,1,1
user_1139,A,1,0
user_0760,A,1,1
user_1516,C,1,0
user_0649,A,1,1
user_2575,C,1,1
user_0721,A,1,1
user_2483,C,1,1
user_0332,A,1,1
user_0665,A,1,0
user_1544,C,1,1
user_0048,A,1,1
user_0466,A,1,1
user_1487,C,1,1
user_2094,C,1,1
user_1653,C,1,0
user_1954,C,1,1
user_0531,A,1,1
user_0212,A,1,0
user_0685,A,1,1
user_0044,A,1,1
user_2252,C,1,1
user_0379,A,1,1
user_1814,C,1,1
user_0065,A,1,0
user_1558,C,1,1
user_2491,C,1,0
user_0780,A,1,1
user_0225,A,1,1
user_1821,C,1,1
user_0942,A,1,1
user_1860,C,1,0
user_0750,A,1,1
user_1177,A,1,1
user_1378,C,1,0
user_1946,C,1,1
user_0865,A,1,1
user_1316,C,1,1
user_0184,A,1,1
user_2549,C,1,1
user_0943,A,1,0
user_1254,A,1,0
user_0527,A,1,0
user_1522,C,1,1
user_0170,A,1,1
user_0701,A,1,0
user_1690,C,1,1
user_1607,C,1,1
user_2453,C,1,0
user_1420,C,1,1
user_1126,A,1,1
user_1231,A,1,1
user_1862,C,1,1
user_0373,A,1,0
user_1505,C,1,0
user_0093,A,1,0
user_2437,C,1,1
user_1282,A,1,1
user_2516,C,1,1
user_2424,C,1,1
user_1001,A,1,1
user_1163,A,1,0
user_0948,A,1,1
user_2049,C,1,1
user_1110,A,1,1
user_0229,A,1,1
user_2541,C,1,1
user_1498,C,1,1
user_1170,A,1,1
user_1080,A,1,1
user_0670,A,1,1
user_2495,C,1,0
user_2078,C,1,1
user_1517,C,1,1
user_1159,A,1,0
user_2332,C,1,1
user_0038,A,1,0
user_1103,A,1,1
user_1040,A,1,1
user_1377,C,1,1
user_2116,C,1,1
user_0593,A,1,1
user_1235,A,1,0
user_2530,C,1,0
user_0032,A,1,0
user_0647,A,1,0
user_2497,C,1,0
user_0870,A,1,1
user_1894,C,1,1
user_1856,C,1,1
user_2488,C,1,0
user_1315,C,1,1
user_0079,A,1,1
user_1646,C,1,1
user_1179,A,1,0
user_0752,A,1,0
user_0270,A,1,1
user_2084,C,1,1
user_1825,C,1,0
user_2067,C,1,1
user_0144,A,1,0
user_1665,C,1,1
user_2339,C,1,0
user_2281,C,1,1
user_1691,C,1,0
user_1164,A,1,1
user_0622,A,1,1
user_0662,A,1,1
user_2374,C,1,1
user_1397,C,1,0
user_2280,C,1,1
user_2438,C,1,1
user_0313,A,1,1
user_1187,A,1,0
user_0368,A,1,0
user_2195,C,1,1
user_2591,C,1,0
user_2350,C,1,1
user_2240,C,1,0
user_0340,A,1,1
user_1639,C,1,1
user_0696,A,1,0
user_2228,C,1,1
user_0369,A,1,1
user_0861,A,1,0
user_2387,C,1,0
user_1882,C,1,1
user_2490,C,1,1
user_2079,C,1,1
user_0730,A,1,0
user_1348,C,1,0
user_1290,A,1,1
user_1562,C,1,1
user_1044,A,1,1
user_1310,C,1,1
user_0173,A,1,1
user_1846,C,1,0
user_2052,C,1,0
user_1747,C,1,0
user_2081,C,1,1
user_1479,C,1,1
user_2259,C,1,1
user_0157,A,1,1
user_0599,A,1,1
user_0711,A,1,0
user_1532,C,1,0
user_2120,C,1,1
user_1506,C,1,1
user_1645,C,1,1
user_1178,A,1,1
user_2323,C,1,1
user_1897,C,1,1
user_1492,C,1,1
user_0922,A,1,0
user_0072,A,1,0
user_0635,A,1,1
user_2328,C,1,0
user_2018,C,1,1
user_0241,A,1,1
user_2505,C,1,1
user_1408,C,1,1
user_0132,A,1,1
user_0366,A,1,1
user_1369,C,1,1
user_2274,C,1,1
user_0499,A,1,1
user_0595,A,1,1
user_0744,A,1,0
user_0203,A,1,0
user_1948,C,1,1
user_0257,A,1,1
user_2555,C,1,1
user_1014,A,1,1
user_1213,A,1,0
user_0075,A,1,0
user_1006,A,1,1
user_1224,A,1,1
user_2472,C,1,1
user_2275,C,1,0
user_2414,C,1,1
user_0770,A,1,0
user_0872,A,1,0
user_0056,A,1,0
user_2340,C,1,1
user_2205,C,1,1
user_0819,A,1,0
user_1697,C,1,1
user_1841,C,1,1
user_0118,A,1,0
user_0199,A,1,0
user_2036,C,1,1
user_1584,C,1,1
user_0632,A,1,1
user_1482,C,1,1
user_1184,A,1,0
user_0165,A,1,0
user_0292,A,1,0
user_2426,C,1,1
user_2039,C,1,1
user_1975,C,1,0
user_0431,A,1,1
user_0625,A,1,1
user_2304,C,1,0
user_0808,A,1,1
user_2469,C,1,1
user_0086,A,1,1
user_1281,A,1,1
user_0290,A,1,1
user_0023,A,1,1
user_1614,C,1,0
user_1589,C,1,1
user_0296,A,1,1
user_1203,A,1,1
user_2421,C,1,1
user_0280,A,1,0
user_1141,A,1,0
user_0321,A,1,0
user_1815,C,1,1
user_0064,A,1,0
user_2427,C,1,1
user_2407,C,1,1
user_1447,C,1,1
user_2172,C,1,1
user_0178,A,1,1
user_0618,A,1,1
user_0594,A,1,0
user_1864,C,1,1
user_1030,A,1,1
user_1448,C,1,0
user_0149,A,1,1
user_1301,C,1,0
user_2557,C,1,1
user_0013,A,1,1
user_0243,A,1,1
user_0798,A,1,0
user_0035,A,1,1
user_1346,C,1,1
user_1358,C,1,1
user_2542,C,1,0
user_2141,C,1,1
user_2015,C,1,0
user_0835,A,1,0
user_1704,C,1,1
user_1927,C,1,0
user_2459,C,1,0
user_0516,A,1,0
user_1811,C,1,1
user_1915,C,1,1
user_0151,A,1,0
user_2396,C,1,1
user_2051,C,1,1
user_2277,C,1,1
user_1746,C,1,0
user_2479,C,1,1
user_2112,C,1,0
user_0148,A,1,0
user_2030,C,1,1
user_2474,C,1,1
user_1262,A,1,1
user_0869,A,1,1
user_1452,C,1,1
user_0432,A,1,1
user_1896,C,1,1
user_1854,C,1,0
user_1592,C,1,0
user_0197,A,1,1
user_0169,A,1,1
user_1658,C,1,1
user_1366,C,1,1
user_1883,C,1,0
user_2343,C,1,1
user_2207,C,1,0
user_0997,A,1,1
user_1117,A,1,1
user_2309,C,1,1
user_1054,A,1,1
user_0768,A,1,0
user_1059,A,1,0
user_2467,C,1,0
user_0580,A,1,0
user_1107,A,1,0
user_0526,A,1,0
user_0791,A,1,0
user_0233,A,1,1
user_1188,A,1,0
user_1920,C,1,1
user_1226,A,1,1
user_0500,A,1,1
user_1753,C,1,1
user_0913,A,1,1
user_1383,C,1,1
user_0235,A,1,1
user_1816,C,1,0
user_2108,C,1,0
user_2436,C,1,1
user_0448,A,1,1
user_2025,C,1,0
user_2019,C,1,1
user_1868,C,1,1
user_1472,C,1,1
user_0437,A,1,1
user_2163,C,1,1
user_0716,A,1,1
user_2441,C,1,1
user_1340,C,1,1
user_1100,A,1,1
user_1113,A,1,0
user_0852,A,1,1
user_1425,C,1,1
user_2422,C,1,1
user_0140,A,1,1
user_2005,C,1,1
user_2307,C,1,0
user_0451,A,1,0
user_1077,A,1,0
user_0651,A,1,1
user_0150,A,1,1
user_1499,C,1,1
user_2290,C,1,1
user_2419,C,1,0
user_2392,C,1,0
user_0105,A,1,1
user_1887,C,1,0
user_0315,A,1,0
user_2218,C,1,1
user_0318,A,1,0
user_2522,C,1,1
user_0677,A,1,0
user_0012,A,1,1
user_0523,A,1,0
user_1700,C,1,1
user_0267,A,1,0
user_0542,A,1,0
user_2014,C,1,1
user_0572,A,1,1
user_0878,A,1,0
user_0084,A,1,0
user_2580,C,1,0
user_0245,A,1,1
user_1053,A,1,1
user_2086,C,1,0
user_0383,A,1,1
user_0153,A,1,1
user_2372,C,1,1
user_2045,C,1,0
user_1249,A,1,0
user_2064,C,1,1
user_0403,A,1,1
user_1120,A,1,0
user_0754,A,1,1
user_1828,C,1,1
user_1923,C,1,1
user_2502,C,1,1
user_0515,A,1,0
user_1218,A,1,1
user_1664,C,1,1
user_2012,C,1,0
user_1459,C,1,0
user_1540,C,1,1
user_1261,A,1,1
user_1668,C,1,1
user_0097,A,1,0
user_0590,A,1,1
user_1047,A,1,1
user_1949,C,1,0
user_0797,A,1,1
user_1903,C,1,0
user_2276,C,1,0
user_2253,C,1,1
user_1784,C,1,0
user_1381,C,1,0
user_1414,C,1,1
user_0067,A,1,1
user_1109,A,1,0
user_2325,C,1,0
user_1496,C,1,0
user_2333,C,1,1
user_0300,A,1,0
user_0514,A,1,1
user_0587,A,1,1
user_0330,A,1,0
user_2386,C,1,1
user_2179,C,1,0
user_1900,C,1,1
user_0109,A,1,1
user_2201,C,1,0
user_0781,A,1,0
user_2514,C,1,1
user_0219,A,1,1
user_1999,C,1,1
user_1485,C,1,1
user_0866,A,1,0
user_1979,C,1,1
user_1617,C,1,1
user_0855,A,1,0
user_1169,A,1,1
user_1990,C,1,0
user_0984,A,1,1
user_1328,C,1,1
user_2236,C,1,1
user_0237,A,1,0
user_0661,A,1,1
user_2451,C,1,0
user_1032,A,1,1
user_0365,A,1,1
user_1428,C,1,0
user_2294,C,1,1
user_2188,C,1,0
user_0430,A,1,0
user_1880,C,1,1
user_0446,A,1,0
user_2523,C,1,1
user_0643,A,1,0
user_1305,C,1,1
user_0613,A,1,1
user_1050,A,1,1
user_1234,A,1,0
user_0846,A,1,0
user_2439,C,1,0
user_0274,A,1,0
user_0928,A,1,1
user_1683,C,1,1
user_1726,C,1,0
user_0815,A,1,1
user_1810,C,1,0
user_0509,A,1,1
user_1565,C,1,0
user_1515,C,1,1
user_0788,A,1,1
user_2003,C,1,1
user_1612,C,1,1
user_1242,A,1,1
user_1230,A,1,0
user_0794,A,1,0
user_1530,C,1,0
user_1881,C,1,1
user_1884,C,1,0
user_1185,A,1,1
user_1647,C,1,1
user_1431,C,1,0
user_2062,C,1,0
user_1199,A,1,0
user_1988,C,1,1
user_1134,A,1,1
user_2185,C,1,1
user_2111,C,1,1
user_1606,C,1,0
user_1022,A,1,1
user_1926,C,1,1
user_1033,A,1,0
user_2097,C,1,1
user_1288,A,1,0
user_0923,A,1,0
user_1560,C,1,0
user_1594,C,1,1
user_0096,A,1,1
user_1995,C,1,0
user_0221,A,1,0
user_1392,C,1,1
user_1632,C,1,0
user_0937,A,1,1
user_0442,A,1,0
user_0805,A,1,1
user_2548,C,1,1
user_1913,C,1,1
user_0402,A,1,1
user_1416,C,1,1
user_0521,A,1,0
user_2117,C,1,1
user_1835,C,1,0
user_0288,A,1,1
user_1009,A,1,0
user_0337,A,1,1
user_1455,C,1,1
user_2477,C,1,1
user_1902,C,1,0
user_2133,C,1,1
user_1122,A,1,0
user_0598,A,1,1
user_1625,C,1,1
user_1693,C,1,1
user_2091,C,1,0
user_0005,A,1,0
user_2204,C,1,0
user_1708,C,1,1
user_2599,C,1,0
user_2068,C,1,1
user_1324,C,1,1
user_1966,C,1,1
user_2295,C,1,1
user_2533,C,1,1
user_1148,A,1,1
user_0680,A,1,1
user_0931,A,1,1
user_1382,C,1,0
user_1484,C,1,1
user_0745,A,1,1
user_0699,A,1,1
user_1437,C,1,1
user_2074,C,1,1
user_1152,A,1,0
user_1042,A,1,1
user_0624,A,1,1
user_2134,C,1,1
user_1268,A,1,1
user_1238,A,1,1
user_0187,A,1,0
user_0001,A,1,0
user_1125,A,1,0
user_1142,A,1,1
user_0074,A,1,1
user_0845,A,1,0
user_1818,C,1,1
user_1630,C,1,1
user_2150,C,1,1
user_1545,C,1,1
user_1739,C,1,1
user_2208,C,1,1
user_1655,C,1,1
user_0916,A,1,1
user_2271,C,1,1
user_2470,C,1,0
user_0918,A,1,0
user_2545,C,1,0
user_1539,C,1,1
user_2151,C,1,1
user_0162,A,1,0
user_0482,A,1,1
user_1962,C,1,1
user_0776,A,1,1
user_1374,C,1,1
user_1128,A,1,0
user_0457,A,1,0
user_2006,C,1,0
user_1874,C,1,0
user_0570,A,1,0
user_1725,C,1,0
user_0494,A,1,1
user_0657,A,1,1
user_2251,C,1,1
user_1475,C,1,1
user_0339,A,1,1
user_2245,C,1,1
user_0962,A,1,1
user_1036,A,1,0
user_0322,A,1,0
user_2261,C,1,0
user_0024,A,1,1
user_0112,A,1,1
user_1256,A,1,1
user_1711,C,1,1
user_0305,A,1,1
user_0789,A,1,1
user_1314,C,1,1
user_1360,C,1,1
user_0709,A,1,1
user_1769,C,1,1
user_1603,C,1,1
user_1924,C,1,1
user_0887,A,1,1
user_0196,A,1,0
user_1960,C,1,0
user_1501,C,1,1
user_1064,A,1,0
user_0693,A,1,0
user_1372,C,1,1
user_1808,C,1,1
user_1158,A,1,1
user_1636,C,1,1
user_1075,A,1,0
user_1389,C,1,1
user_2083,C,1,1
user_2118,C,1,1
user_1970,C,1,1
user_2319,C,1,1
user_0130,A,1,0
user_0095,A,1,1
user_0903,A,1,0
user_0843,A,1,0
user_1429,C,1,1
user_1000,A,1,0
user_0990,A,1,1
user_0268,A,1,0
user_1820,C,1,1
user_1885,C,1,1
user_1253,A,1,1
user_1847,C,1,1
user_0778,A,1,0
user_1252,A,1,1
user_0372,A,1,0
user_2255,C,1,1
user_1390,C,1,0
user_1166,A,1,1
user_0989,A,1,0
user_1210,A,1,1
user_0853,A,1,1
user_0213,A,1,1
user_0327,A,1,1
user_2562,C,1,1
user_1931,C,1,0
user_0272,A,1,1
user_0232,A,1,1
user_0342,A,1,1
user_1329,C,1,0
user_0864,A,1,0
user_0980,A,1,1
user_2408,C,1,1
user_0790,A,1,1
user_0557,A,1,1
user_1875,C,1,1
user_0820,A,1,0
user_0821,A,1,0
user_1508,C,1,0
user_1699,C,1,1
user_1578,C,1,1
user_0764,A,1,1
user_0191,A,1,1
user_0550,A,1,1
user_1274,A,1,1
user_2413,C,1,1
user_0733,A,1,0
user_2363,C,1,1
user_0350,A,1,1
user_1776,C,1,0
user_2214,C,1,0
user_0284,A,1,1
user_1527,C,1,1
user_1590,C,1,0
user_0195,A,1,1
user_1541,C,1,0
user_0873,A,1,1
user_0641,A,1,0
user_2192,C,1,1
user_0738,A,1,1
user_2080,C,1,0
user_1494,C,1,1
user_0358,A,1,1
user_0205,A,1,1
user_0103,A,1,0
user_1867,C,1,1
user_1972,C,1,0
user_0607,A,1,1
user_2471,C,1,1
user_2087,C,1,1
user_1320,C,1,0
user_0525,A,1,0
user_2302,C,1,1
user_0154,A,1,1
user_1513,C,1,1
user_0185,A,1,1
user_2369,C,1,1
user_1012,A,1,0
user_1371,C,1,1
user_1176,A,1,0
user_0227,A,1,1
user_1695,C,1,1
user_1717,C,1,0
user_2417,C,1,0
user_2272,C,1,0
user_0481,A,1,1
user_0678,A,1,0
user_0985,A,1,0
user_2263,C,1,1
user_2554,C,1,1
user_2341,C,1,1
user_1123,A,1,0
user_0081,A,1,1
user_0329,A,1,0
user_0605,A,1,0
user_0840,A,1,0
user_2589,C,1,1
user_2460,C,1,0
user_2029,C,1,1
user_1072,A,1,1
user_0539,A,1,0
user_0410,A,1,1
user_1774,C,1,1
user_0407,A,1,1
user_1020,A,1,0
user_0218,A,1,0
user_0234,A,1,0
user_1773,C,1,1
user_1681,C,1,1
user_2226,C,1,1
user_1473,C,1,1
user_2381,C,1,0
user_0215,A,1,0
user_1736,C,1,1
user_0281,A,1,0
user_2217,C,1,0
user_1241,A,1,1
user_1276,A,1,1
user_0553,A,1,1
user_1638,C,1,1
user_1781,C,1,0
user_1981,C,1,1
user_1547,C,1,0
user_1788,C,1,1
user_2418,C,1,1
user_0020,A,1,1
user_2376,C,1,1
user_1405,C,1,1
user_1424,C,1,1
user_0421,A,1,1
user_0314,A,1,1
user_1438,C,1,1
user_2331,C,1,1
user_0518,A,1,1
user_1121,A,1,0
user_1863,C,1,1
user_2442,C,1,1
user_0910,A,1,0
user_1917,C,1,1
user_2520,C,1,0
user_1413,C,1,1
user_1548,C,1,0
user_0041,A,1,0
user_2527,C,1,1
user_1770,C,1,1
user_1356,C,1,1
user_0099,A,1,0
user_2300,C,1,1
user_0100,A,1,0
user_2001,C,1,1
user_1096,A,1,0
user_0524,A,1,0
user_1765,C,1,1
user_0769,A,1,1
user_2570,C,1,0
user_1333,C,1,1
user_1760,C,1,0
user_0751,A,1,1
user_2066,C,1,1
user_0347,A,1,0
user_1034,A,1,1
user_2136,C,1,1
user_0045,A,1,1
user_1504,C,1,1
user_1911,C,1,1
user_0269,A,1,0
user_2147,C,1,1
user_0460,A,1,1
user_0468,A,1,0
user_2411,C,1,1
user_1623,C,1,1
user_2540,C,1,1
user_1757,C,1,1
user_1537,C,1,0
user_0736,A,1,0
user_1004,A,1,0
user_1660,C,1,1
user_0275,A,1,1
user_1407,C,1,0
user_1938,C,1,1
user_2581,C,1,1
user_1888,C,1,1
user_1222,A,1,0
user_2335,C,1,1
user_2463,C,1,1
user_0934,A,1,1
user_0596,A,1,0
user_0611,A,1,0
user_0094,A,1,1
user_0134,A,1,0
user_2041,C,1,1
user_0627,A,1,1
user_1206,A,1,1
user_1031,A,1,1
user_1620,C,1,0
user_0211,A,1,1
user_2311,C,1,0
user_0640,A,1,1
user_2139,C,1,1
user_1957,C,1,1
user_0464,A,1,1
user_0510,A,1,1
user_1503,C,1,1
user_1284,A,1,1
user_0009,A,1,1
user_1386,C,1,1
user_0037,A,1,0
user_0391,A,1,0
user_1088,A,1,0
user_2046,C,1,1
user_2127,C,1,1
user_0029,A,1,0
user_2075,C,1,1
user_2560,C,1,0
user_0409,A,1,0
user_1094,A,1,1
user_0078,A,1,1
user_2440,C,1,1
user_0786,A,1,0
user_2521,C,1,1
user_0879,A,1,1
user_1892,C,1,1
user_2292,C,1,1
user_1298,A,1,1
user_0889,A,1,1
user_1259,A,1,1
user_0266,A,1,0
user_2468,C,1,0
user_1982,C,1,1
user_1564,C,1,1
user_1609,C,1,1
user_1003,A,1,1
user_0325,A,1,1
user_1566,C,1,0
user_1181,A,1,0
user_2593,C,1,1
user_2563,C,1,0
user_1559,C,1,1
user_2132,C,1,1
user_0561,A,1,1
user_0926,A,1,1
user_0010,A,1,1
user_2391,C,1,1
user_1678,C,1,1
user_0642,A,1,1
user_0363,A,1,0
user_1293,A,1,0
user_2149,C,1,0
user_0999,A,1,0
user_2346,C,1,0
user_1596,C,1,1
user_2222,C,1,1
user_1466,C,1,1
user_0648,A,1,1
user_0294,A,1,1
user_0938,A,1,0
user_1167,A,1,1
user_1823,C,1,0
user_0702,A,1,0
user_2246,C,1,1
user_0282,A,1,1
user_0309,A,1,0
user_0111,A,1,0
user_0847,A,1,1
user_1932,C,1,1
user_2082,C,1,1
user_0782,A,1,1
user_2303,C,1,1
user_2400,C,1,1
user_1025,A,1,1
user_0399,A,1,0
user_0968,A,1,0
user_0146,A,1,1
user_1272,A,1,1
user_1189,A,1,1
user_2090,C,1,1
user_2190,C,1,0
user_2586,C,1,1
user_0964,A,1,0
user_0242,A,1,1
user_0950,A,1,0
user_0603,A,1,1
user_1200,A,1,1
user_0534,A,1,1
user_0762,A,1,0
user_2054,C,1,1
user_1615,C,1,1
user_0862,A,1,1
user_0629,A,1,1
user_2316,C,1,0
user_0458,A,1,1
user_2181,C,1,1
user_1723,C,1,1
user_1914,C,1,1
user_2435,C,1,0
user_2166,C,1,0
user_1393,C,1,1
user_0375,A,1,1
user_2077,C,1,1
user_1145,A,1,1
user_2038,C,1,1
user_1486,C,1,1
user_1845,C,1,0
user_1907,C,1,1
user_0263,A,1,1
user_0965,A,1,1
user_0200,A,1,0
user_0602,A,1,0
user_2349,C,1,1
user_1144,A,1,1
user_1347,C,1,0
user_0349,A,1,0
user_2461,C,1,1
user_1039,A,1,1
user_2444,C,1,1
user_2568,C,1,1
user_2250,C,1,1
user_1608,C,1,0
user_1308,C,1,1
user_1095,A,1,1
user_1406,C,1,1
user_0456,A,1,0
user_1461,C,1,1
user_1488,C,1,1
user_0703,A,1,0
user_0389,A,1,0
user_1672,C,1,0
user_1834,C,1,0
user_1451,C,1,1
user_2378,C,1,1
user_0073,A,1,0
user_2423,C,1,1
user_0796,A,1,0
user_0829,A,1,1
user_0858,A,1,1
user_0532,A,1,0
user_2206,C,1,1
user_1019,A,1,1
user_2344,C,1,1
user_0053,A,1,1
user_2101,C,1,1
user_0287,A,1,0
user_2216,C,1,1
user_2022,C,1,0
user_1353,C,1,0
user_0828,A,1,1
user_1229,A,1,1
user_1659,C,1,0
user_1644,C,1,1
user_1650,C,1,1
user_0117,A,1,1
user_2048,C,1,0
user_2296,C,1,0
user_1060,A,1,1
user_2126,C,1,0
user_0386,A,1,1
user_1772,C,1,0
user_1824,C,1,0
user_1457,C,1,1
user_1344,C,1,1
user_2212,C,1,1
user_0568,A,1,0
user_0666,A,1,0
user_1312,C,1,1
user_0567,A,1,1
user_2301,C,1,1
user_0131,A,1,1
user_0987,A,1,0
user_0222,A,1,1
user_1402,C,1,1
user_0612,A,1,1
user_0579,A,1,1
user_1967,C,1,1
user_1857,C,1,0
user_1813,C,1,0
user_1150,A,1,1
user_2291,C,1,0
user_2402,C,1,0
user_1728,C,1,0
user_2115,C,1,1
user_1048,A,1,1
user_2100,C,1,0
user_0210,A,1,0
user_1198,A,1,0
user_2013,C,1,0
user_1278,A,1,1
user_1689,C,1,0
user_1067,A,1,0
user_1387,C,1,0
user_0619,A,1,0
user_0956,A,1,0
user_2366,C,1,1
user_1807,C,1,0
user_0941,A,1,0
user_0715,A,1,1
user_1745,C,1,0
user_2229,C,1,1
user_2504,C,1,1
user_0564,A,1,1
user_1317,C,1,1
user_1453,C,1,1
user_1460,C,1,1
user_2536,C,1,1
user_1649,C,1,1
user_1246,A,1,0
user_0517,A,1,1
user_0459,A,1,0
user_0018,A,1,1
user_2317,C,1,1
user_1232,A,1,0
user_2283,C,1,0
user_1829,C,1,0
user_2537,C,1,1
user_0971,A,1,1
user_0019,A,1,0
user_1398,C,1,1
user_1572,C,1,1
user_1890,C,1,1
user_1771,C,1,1
user_1941,C,1,1
user_2538,C,1,1
user_0839,A,1,1
user_1335,C,1,1
user_1919,C,1,1
user_0424,A,1,0
user_1388,C,1,0
user_2573,C,1,1
user_2209,C,1,1
user_0454,A,1,1
user_1756,C,1,0
user_0439,A,1,1
user_1598,C,1,1
user_2096,C,1,0
user_1749,C,1,1
user_0334,A,1,1
user_0102,A,1,0
user_0792,A,1,1
user_2552,C,1,1
user_2399,C,1,0
user_0186,A,1,1
user_1411,C,1,1
user_2543,C,1,1
user_1534,C,1,1
user_0530,A,1,1
user_1832,C,1,1
user_1716,C,1,1
user_0335,A,1,0
user_0706,A,1,1
user_0717,A,1,1
user_1130,A,1,1
user_1202,A,1,1
user_0972,A,1,1
user_1783,C,1,0
user_2165,C,1,0
user_0914,A,1,0
user_1217,A,1,0
user_2466,C,1,1
user_1942,C,1,0
user_0496,A,1,0
user_0063,A,1,1
user_2211,C,1,1
user_0254,A,1,1
user_1302,C,1,1
user_0813,A,1,1
user_1035,A,1,1
user_0951,A,1,0
user_1687,C,1,0
user_0755,A,1,0
user_0562,A,1,1
user_0408,A,1,1
user_1444,C,1,0
user_0739,A,1,1
user_0104,A,1,1
user_0935,A,1,1
user_0068,A,1,1
user_0511,A,1,1
user_0119,A,1,0
user_2446,C,1,0
user_0412,A,1,0
user_1706,C,1,0
user_1793,C,1,1
user_2037,C,1,0
user_0356,A,1,1
user_0060,A,1,1
user_1165,A,1,0
user_1952,C,1,1
user_2551,C,1,0
user_1744,C,1,0
user_1599,C,1,1
user_2158,C,1,0
user_0827,A,1,1
user_1038,A,1,1
user_2559,C,1,1
user_0638,A,1,1
user_0135,A,1,1
user_0326,A,1,0
user_2199,C,1,0
user_1056,A,1,1
user_2232,C,1,1
user_1682,C,1,0
user_0766,A,1,0
user_2123,C,1,1
user_1058,A,1,1
user_1556,C,1,0
user_0993,A,1,1
user_1518,C,1,1
user_0834,A,1,1
user_2282,C,1,1
user_2432,C,1,1
user_2364,C,1,1
user_2175,C,1,1
user_0385,A,1,1
user_2073,C,1,0
user_1323,C,1,1
user_1239,A,1,1
user_0854,A,1,0
user_1493,C,1,0
user_0552,A,1,0
user_0658,A,1,0
user_2393,C,1,1
user_2262,C,1,1
user_0908,A,1,0
user_2498,C,1,1
user_0616,A,1,1
user_0276,A,1,1
user_0467,A,1,1
user_2517,C,1,1
user_0202,A,1,0
user_1403,C,1,1
user_1426,C,1,1
user_1758,C,1,1
user_2285,C,1,1
user_1727,C,1,1
user_0575,A,1,1
user_2365,C,1,0
user_0621,A,1,1
user_1626,C,1,1
user_1675,C,1,1
user_0692,A,1,1
user_0042,A,1,1
user_0763,A,1,0
user_1838,C,1,1
user_0551,A,1,0
user_1886,C,1,1
user_0974,A,1,0
user_2448,C,1,1
user_0101,A,1,1
user_0487,A,1,1
user_1415,C,1,1
user_0679,A,1,1
user_1801,C,1,1
user_1822,C,1,1
user_0811,A,1,1
user_2269,C,1,0
user_0823,A,1,0
user_2168,C,1,1
user_1395,C,1,0
user_2347,C,1,1
user_2511,C,1,1
user_0295,A,1,0
user_2213,C,1,0
user_0565,A,1,0
user_0353,A,1,0
user_0077,A,1,0
user_2235,C,1,1
user_1248,A,1,0
user_1172,A,1,1
user_0995,A,1,0
user_1342,C,1,1
user_0785,A,1,1
user_2564,C,1,1
user_2114,C,1,1
user_1798,C,1,1
user_0705,A,1,1
user_1803,C,1,1
user_1097,A,1,0
user_1777,C,1,1
user_0586,A,1,1
user_2105,C,1,0
user_0207,A,1,1
user_1597,C,1,1
user_1153,A,1,0
user_0217,A,1,1
user_1895,C,1,1
user_0206,A,1,1
user_1925,C,1,1
user_1976,C,1,1
user_1554,C,1,1
user_1194,A,1,1
user_1205,A,1,1
user_1161,A,1,1
user_2131,C,1,0
user_2384,C,1,0
user_0849,A,1,0
user_2270,C,1,1
user_0860,A,1,0
user_2526,C,1,1
user_1071,A,1,1
user_1204,A,1,1
user_1277,A,1,1
user_1435,C,1,0
user_1611,C,1,1
user_0026,A,1,1
user_1789,C,1,1
user_1879,C,1,1
user_0939,A,1,0
user_1065,A,1,1
user_0566,A,1,0
user_1755,C,1,1
user_0668,A,1,1
user_1131,A,1,0
user_0814,A,1,0
user_1140,A,1,1
user_0795,A,1,1
user_0179,A,1,1
user_0138,A,1,0
user_1654,C,1,1
user_1873,C,1,1
user_1490,C,1,1
user_1866,C,1,1
user_0655,A,1,0
user_0529,A,1,1
user_2109,C,1,1
user_1709,C,1,1
user_0303,A,1,0
user_1285,A,1,0
user_1685,C,1,1
user_2528,C,1,1
user_0892,A,1,1
user_1400,C,1,1
user_2024,C,1,0
user_0161,A,1,1
user_0868,A,1,1
user_0088,A,1,1
user_0259,A,1,1
user_0395,A,1,1
user_1656,C,1,1
user_0434,A,1,0
user_1991,C,1,1
user_2534,C,1,1
user_2401,C,1,0
user_1944,C,1,0
user_0355,A,1,0
user_2456,C,1,1
user_1551,C,1,0
user_2056,C,1,1
user_0493,A,1,1
user_0604,A,1,0
user_0143,A,1,1
user_2299,C,1,1
user_2532,C,1,1
user_2336,C,1,1
user_1951,C,1,1
user_0966,A,1,1
user_1945,C,1,1
user_1715,C,1,1
user_1586,C,1,1
user_2279,C,1,1
user_0932,A,1,0
user_2148,C,1,0
user_1409,C,1,1
user_0352,A,1,1
user_0397,A,1,1
user_0620,A,1,1
user_2321,C,1,1
user_2496,C,1,1
user_0927,A,1,1
user_2072,C,1,0
user_1905,C,1,1
user_1802,C,1,1
user_1079,A,1,0
user_0183,A,1,0
user_1826,C,1,1
user_0765,A,1,1
user_1514,C,1,0
user_1563,C,1,1
user_1520,C,1,1
user_0758,A,1,1
user_1588,C,1,0
user_2449,C,1,1
user_2473,C,1,0
user_2004,C,1,1
user_1929,C,1,1
user_1629,C,1,1
user_1264,A,1,0
user_0474,A,1,1
user_1940,C,1,1
user_0336,A,1,0
user_1196,A,1,0
user_0700,A,1,1
user_0848,A,1,1
user_0106,A,1,0
user_0398,A,1,1
user_0818,A,1,1
user_1968,C,1,0
user_2183,C,1,1
user_0359,A,1,1
user_1752,C,1,1
user_0016,A,1,1
user_1478,C,1,1
user_2577,C,1,0
user_0630,A,1,0
user_2011,C,1,1
user_2375,C,1,1
user_0204,A,1,1
user_0393,A,1,1
user_0973,A,1,0
user_1219,A,1,1
user_1154,A,1,1
user_2161,C,1,1
user_1677,C,1,1
user_0779,A,1,1
user_2584,C,1,1
user_2404,C,1,1
user_0415,A,1,1
user_0220,A,1,1
user_0644,A,1,1
user_1779,C,1,1
user_0676,A,1,0
user_1767,C,1,1
user_0127,A,1,1
user_1978,C,1,0
user_1385,C,1,1
user_2397,C,1,1
user_2313,C,1,1
user_0660,A,1,1
user_2144,C,1,1
user_0697,A,1,0
user_1401,C,1,1
user_0304,A,1,1
user_0429,A,1,0
user_2377,C,1,1
user_1306,C,1,1
user_0083,A,1,1
user_1208,A,1,1
user_0137,A,1,1
user_0302,A,1,1
user_1849,C,1,1
user_0667,A,1,0
user_0924,A,1,0
user_1964,C,1,1
user_0416,A,1,1
user_1538,C,1,1
user_1439,C,1,1
user_1552,C,1,1
user_2020,C,1,0
user_1696,C,1,1
user_0682,A,1,1
user_1719,C,1,0
user_1795,C,1,0
user_2574,C,1,1
user_0198,A,1,1
user_2409,C,1,1
user_0443,A,1,1
user_1052,A,1,0
user_1436,C,1,0
user_0278,A,1,1
user_1023,A,1,0
user_0859,A,1,1
user_1087,A,1,1
user_2506,C,1,1
user_1830,C,1,0
user_1376,C,1,1
user_0364,A,1,1
user_0688,A,1,1
user_1309,C,1,1
user_2503,C,1,1
user_0975,A,1,1
user_0319,A,1,1
user_1357,C,1,1
user_0577,A,1,1
user_2298,C,1,0
user_0427,A,1,0
user_0905,A,1,1
user_1304,C,1,0
user_0746,A,1,0
user_0133,A,1,0
user_1604,C,1,0
user_0008,A,1,1
user_0728,A,1,1
user_0522,A,1,1
user_1207,A,1,1
user_1257,A,1,0
user_1550,C,1,1
user_0719,A,1,1
user_2443,C,1,1
user_1462,C,1,0
user_0714,A,1,1
user_1300,A,1,0
user_1996,C,1,1
user_1790,C,1,1
user_2348,C,1,0
user_0559,A,1,0
user_1322,C,1,0
user_1237,A,1,1
user_1379,C,1,1
user_0414,A,1,1
user_1621,C,1,1
user_1531,C,1,1
user_0298,A,1,1
user_1495,C,1,0
user_2156,C,1,1
user_0455,A,1,1
user_0581,A,1,1
user_0606,A,1,0
user_2312,C,1,0
user_0244,A,1,0
user_1326,C,1,1
user_0727,A,1,0
user_1396,C,1,1
user_0535,A,1,0
user_0826,A,1,1
user_2306,C,1,1
user_0003,A,1,1
user_1958,C,1,1
user_2157,C,1,1
user_0082,A,1,1
user_0897,A,1,1
user_0953,A,1,0
user_0231,A,1,1
user_0370,A,1,0
user_0156,A,1,1
user_2009,C,1,1
user_2510,C,1,1
user_1266,A,1,0
user_2221,C,1,1
user_2017,C,1,1
user_0772,A,1,1
user_0583,A,1,0
user_1441,C,1,1
user_0116,A,1,0
user_1470,C,1,1
user_2373,C,1,1
user_0969,A,1,1
user_0722,A,1,0
user_0712,A,1,0
user_1454,C,1,0
user_2260,C,1,1
user_0899,A,1,1
user_0230,A,1,0
user_2186,C,1,0
user_1092,A,1,1
user_2572,C,1,0
user_1016,A,1,1
user_0411,A,1,0
user_0654,A,1,1
user_0954,A,1,0
user_1465,C,1,1
user_2169,C,1,1
user_2464,C,1,1
user_0240,A,1,0
user_1151,A,1,1
user_2297,C,1,0
user_0898,A,1,1
user_1307,C,1,1
user_0107,A,1,1
user_0737,A,1,1
user_1108,A,1,0
user_1591,C,1,0
user_1318,C,1,0
user_2058,C,1,1
user_1410,C,1,1
user_1986,C,1,0
user_2231,C,1,1
user_1965,C,1,1
user_1471,C,1,0
user_1567,C,1,1
user_0080,A,1,1
user_2227,C,1,1
user_1021,A,1,1
user_2154,C,1,1
user_0817,A,1,0
user_2457,C,1,0
user_2507,C,1,1
user_2590,C,1,1
user_1146,A,1,0
user_0360,A,1,1
user_0250,A,1,1
user_1963,C,1,1
user_2256,C,1,1
user_1688,C,1,1
user_2044,C,1,0
user_1209,A,1,1
user_1007,A,1,1
user_0142,A,1,1
user_0609,A,1,1
user_1827,C,1,0
user_2398,C,1,1
user_1127,A,1,0
user_0767,A,1,1
user_0880,A,1,1
user_1450,C,1,1
user_2558,C,1,1
user_1748,C,1,1
user_1568,C,1,0
user_2513,C,1,0
user_2485,C,1,1
user_1618,C,1,1
user_1775,C,1,0
user_0689,A,1,1
user_0208,A,1,1
user_1889,C,1,1
user_0175,A,1,0
user_0502,A,1,1
user_1359,C,1,0
user_0377,A,1,0
user_0528,A,1,1
user_1817,C,1,1
user_0810,A,1,1
user_0265,A,1,0
user_0090,A,1,1
user_0308,A,1,0
user_1061,A,1,0
user_0345,A,1,1
user_1525,C,1,1
user_1641,C,1,1
user_0812,A,1,1
user_2380,C,1,1
user_0911,A,1,1
user_0253,A,1,1
user_0049,A,1,0
user_0498,A,1,1
user_2596,C,1,0
user_0418,A,1,1
user_1893,C,1,0
user_0388,A,1,1
user_1024,A,1,1
user_2254,C,1,1
user_2278,C,1,0
user_1853,C,1,1
user_1657,C,1,1
user_0128,A,1,0
user_0713,A,1,0
user_1066,A,1,1
user_1225,A,1,0
user_0201,A,1,0
user_2104,C,1,1
user_1624,C,1,1
user_1458,C,1,1
user_2454,C,1,1
user_0374,A,1,0
user_0608,A,1,0
user_1343,C,1,0
user_0881,A,1,1
user_0166,A,1,1
user_1247,A,1,1
user_0646,A,1,1
user_0371,A,1,1
user_0492,A,1,1
user_1086,A,1,1
user_1898,C,1,1
user_1263,A,1,1
user_1852,C,1,1
user_0851,A,1,0
user_1468,C,1,0
user_2196,C,1,0
user_0495,A,1,1
user_1666,C,1,0
user_1287,A,1,0
user_1909,C,1,1
user_1842,C,1,0
user_0674,A,1,1
user_0433,A,1,1
user_2529,C,1,1
user_0447,A,1,0
user_0558,A,1,0
user_0831,A,1,0
user_0306,A,1,1
user_0957,A,1,1
user_1114,A,1,1
user_1855,C,1,0
user_1303,C,1,0
user_1337,C,1,1
user_1610,C,1,1
user_1291,A,1,1
user_1070,A,1,0
user_2428,C,1,1
user_0970,A,1,0
user_0536,A,1,0
user_1782,C,1,0
user_0256,A,1,0
user_2326,C,1,1
user_0307,A,1,1
user_1616,C,1,1
user_0547,A,1,0
user_2071,C,1,1
user_0392,A,1,0
user_2379,C,1,1
user_0348,A,1,1
user_1878,C,1,1
user_1526,C,1,1
user_1692,C,1,0
user_2129,C,1,1
user_0949,A,1,0
user_0180,A,1,1
user_0382,A,1,1
user_1147,A,1,0
user_0584,A,1,1
user_0246,A,1,0
user_2016,C,1,1
user_1720,C,1,0
user_0976,A,1,1
user_2171,C,1,0
user_0841,A,1,1
user_0426,A,1,1
user_1260,A,1,1
user_1542,C,1,1
user_0006,A,1,0
user_2493,C,1,0
user_0040,A,1,1
user_1419,C,1,0
user_2219,C,1,0
user_0955,A,1,1
user_0098,A,1,1
user_1680,C,1,1
user_0027,A,1,1
user_0617,A,1,0
user_1005,A,1,1
user_2239,C,1,1
user_0801,A,1,1
user_2021,C,1,1
user_1509,C,1,1
user_1901,C,1,1
user_0994,A,1,1
user_1245,A,1,1
user_2310,C,1,1
user_1195,A,1,1
user_0822,A,1,1
user_1512,C,1,1
user_0033,A,1,1
user_1871,C,1,0
user_2266,C,1,1
user_2518,C,1,0
user_1341,C,1,1
user_1273,A,1,1
user_1157,A,1,1
user_1906,C,1,0
user_0283,A,1,0
user_1643,C,1,1
user_2465,C,1,0
user_2113,C,1,1
user_0915,A,1,0
user_0735,A,1,1
user_0216,A,1,0
user_2057,C,1,1
user_2509,C,1,0
user_1528,C,1,1
user_2342,C,1,1
user_0320,A,1,0
user_1112,A,1,1
user_1311,C,1,1
user_1705,C,1,1
user_2592,C,1,1
user_1319,C,1,1
user_0920,A,1,0
user_1718,C,1,1
user_2265,C,1,1
user_0145,A,1,1
user_0734,A,1,1
user_0615,A,1,1
user_1569,C,1,0
user_1491,C,1,0
user_1933,C,1,1
user_0189,A,1,1
user_2519,C,1,0
user_0051,A,1,1
user_0181,A,1,0
user_0011,A,1,1
user_2085,C,1,1
user_0936,A,1,0
user_0473,A,1,1
user_2351,C,1,1
user_0422,A,1,0
user_1045,A,1,0
user_0645,A,1,0
user_1507,C,1,1
user_2499,C,1,0
user_2322,C,1,1
user_2571,C,1,0
user_0228,A,1,0
user_1476,C,1,0
user_2093,C,1,1
user_1865,C,1,1
user_2033,C,1,1
user_0316,A,1,0
user_2362,C,1,1
user_1078,A,1,0
user_0262,A,1,0
user_2146,C,1,0
user_1115,A,1,1
user_2598,C,1,1
user_1373,C,1,1
user_0121,A,1,0
user_0484,A,1,0
user_1101,A,1,1
user_0520,A,1,1
user_1524,C,1,1
user_0684,A,1,1
user_1062,A,1,1
user_2119,C,1,1
user_2143,C,1,0
user_1421,C,1,1
user_2034,C,1,0
user_0672,A,1,0
user_0047,A,1,1
user_0563,A,1,1
user_0052,A,1,1
user_0490,A,1,0
user_0720,A,1,1
user_1267,A,1,1
user_0226,A,1,1
user_2494,C,1,0
user_2508,C,1,1
user_1858,C,1,1
user_0476,A,1,0
user_1780,C,1,1
user_0354,A,1,1
user_1002,A,1,0
user_0238,A,1,1
user_0978,A,1,0
user_1792,C,1,1
user_1271,A,1,1
user_0271,A,1,0
user_2403,C,1,1
user_1601,C,1,0
user_1339,C,1,0
user_2539,C,1,0
user_0637,A,1,1
user_0833,A,1,1
user_2095,C,1,1
user_0324,A,1,0
user_1270,A,1,1
user_0343,A,1,1
user_1137,A,1,1
user_0626,A,1,0
user_2524,C,1,1
user_2203,C,1,1
user_2198,C,1,0
user_0338,A,1,0
user_1648,C,1,0
user_1735,C,1,1
user_1702,C,1,1
user_2053,C,1,0
user_1174,A,1,1
user_2076,C,1,1
user_1631,C,1,1
user_0248,A,1,1
user_0164,A,1,0
user_0884,A,1,0
user_1074,A,1,1
user_0057,A,1,1
user_0277,A,1,1
user_2406,C,1,1
user_0069,A,1,1
user_0299,A,1,1
user_1930,C,1,0
user_0708,A,1,1
user_2238,C,1,1
user_1497,C,1,1
user_1724,C,1,0
user_2329,C,1,0
user_1585,C,1,1
user_0541,A,1,0
user_1297,A,1,0
user_1480,C,1,0
user_0050,A,1,1
user_2164,C,1,1
user_0291,A,1,1
user_2433,C,1,1
user_2047,C,1,1
user_0988,A,1,1
user_0462,A,1,1
user_1581,C,1,1
user_2028,C,1,0
user_0981,A,1,1
user_0224,A,1,0
user_1211,A,1,1
user_1605,C,1,1
user_0773,A,1,1
user_2088,C,1,1
user_2486,C,1,1
user_2121,C,1,1
user_0842,A,1,0
user_1236,A,1,1
user_0110,A,1,0
user_1168,A,1,1
user_2489,C,1,1
user_2458,C,1,1
user_2462,C,1,0
user_2267,C,1,0
user_1017,A,1,1
user_0346,A,1,0
user_1135,A,1,0
user_1015,A,1,0
user_0573,A,1,0
user_1289,A,1,1
user_1759,C,1,0
user_1440,C,1,0
user_1573,C,1,1
